avg_evoked,order
1.514285169898135e-11,-4.0
1.511389061527392e-11,-4.0
1.5071085908973058e-11,-3.99
1.5041813955848318e-11,-3.99
1.5044489732248626e-11,-3.98
1.5075569425467666e-11,-3.98
1.51123899538083e-11,-3.98
1.5129666342589208e-11,-3.97
1.5117252874265958e-11,-3.97
1.5085806779169533e-11,-3.96
1.5056981893385816e-11,-3.96
1.5047533660130903e-11,-3.96
1.505955747422123e-11,-3.95
1.508315589896248e-11,-3.95
1.510474670791278e-11,-3.95
1.511232038977966e-11,-3.94
1.5099558985045688e-11,-3.94
1.506966430558502e-11,-3.93
1.503364537283469e-11,-3.93
1.500405989697292e-11,-3.93
1.498927809852842e-11,-3.92
1.499074568197157e-11,-3.92
1.5001767591478892e-11,-3.91
1.5010647840627435e-11,-3.91
1.5007050463025794e-11,-3.91
1.498656500930484e-11,-3.9
1.49524662727384e-11,-3.9
1.4916681781586862e-11,-3.89
1.489479837922873e-11,-3.89
1.4895900135742584e-11,-3.89
1.4917021231952405e-11,-3.88
1.494416880784409e-11,-3.88
1.496032151742052e-11,-3.88
1.4956108557252823e-11,-3.87
1.493359261825416e-11,-3.87
1.4903016188800887e-11,-3.86
1.4877849096726304e-11,-3.86
1.4868638041333787e-11,-3.86
1.4875229995037266e-11,-3.85
1.48875895935924e-11,-3.85
1.4890958639719533e-11,-3.84
1.487087383842065e-11,-3.84
1.4826221020693052e-11,-3.84
1.4771464044391177e-11,-3.83
1.472371595899868e-11,-3.83
1.4693953757460978e-11,-3.82
1.4684184394919793e-11,-3.82
1.468594215380714e-11,-3.82
1.4683841947343452e-11,-3.81
1.466372187754501e-11,-3.81
1.4619672897364214e-11,-3.8
1.455740764022699e-11,-3.8
1.449268374118716e-11,-3.8
1.4441347528842718e-11,-3.79
1.4412168456223432e-11,-3.79
1.4404924271855696e-11,-3.79
1.4407399841557155e-11,-3.78
1.4399878764747108e-11,-3.78
1.4365242108119021e-11,-3.77
1.4297642781494307e-11,-3.77
1.4208016962560314e-11,-3.77
1.412147987979082e-11,-3.76
1.4062909298876169e-11,-3.76
1.4040981813888424e-11,-3.75
1.4043010306795555e-11,-3.75
1.4040213758344843e-11,-3.75
1.4003128025010413e-11,-3.74
1.3918245645553848e-11,-3.74
1.37970262024954e-11,-3.73
1.3673208555754362e-11,-3.73
1.3585201047066025e-11,-3.73
1.3552246497599784e-11,-3.72
1.3558182546602429e-11,-3.72
1.355671187671393e-11,-3.71
1.3502793807848009e-11,-3.71
1.338494767890965e-11,-3.71
1.3232709225512689e-11,-3.7
1.30987157403851e-11,-3.7
1.3025566187522771e-11,-3.7
1.3017540274817507e-11,-3.69
1.3039635062941824e-11,-3.69
1.3041310165925482e-11,-3.68
1.2987254620540334e-11,-3.68
1.288148437306097e-11,-3.68
1.276205580422709e-11,-3.67
1.2671849303380785e-11,-3.67
1.263368592904159e-11,-3.66
1.2637858120301813e-11,-3.66
1.2648206001185752e-11,-3.66
1.2626581502599006e-11,-3.65
1.2560003874600279e-11,-3.65
1.247043008707654e-11,-3.64
1.2397637419713469e-11,-3.64
1.2371826239827713e-11,-3.64
1.2392596913559959e-11,-3.63
1.2425218642261865e-11,-3.63
1.2427018214772364e-11,-3.62
1.2382651986716132e-11,-3.62
1.23129566112557e-11,-3.62
1.2257326474096664e-11,-3.61
1.2248094151091342e-11,-3.61
1.2291305119307773e-11,-3.61
1.2363176017895322e-11,-3.6
1.2424855899090425e-11,-3.6
1.2447492568146402e-11,-3.59
1.2430714088923426e-11,-3.59
1.2398194113204641e-11,-3.59
1.2379215090996432e-11,-3.58
1.2393684747785206e-11,-3.58
1.2442801100606866e-11,-3.57
1.2510369512701934e-11,-3.57
1.2574662375540996e-11,-3.57
1.2620502614715146e-11,-3.56
1.2644944883344474e-11,-3.56
1.2655714210190695e-11,-3.55
1.2663369981970217e-11,-3.55
1.2672371385981769e-11,-3.55
1.2682687509744957e-11,-3.54
1.2698544079852406e-11,-3.54
1.2730507484722562e-11,-3.54
1.278451241866467e-11,-3.53
1.2848165807153803e-11,-3.53
1.2891967948683946e-11,-3.52
1.2890044177727908e-11,-3.52
1.2843818347832396e-11,-3.52
1.278519779775526e-11,-3.51
1.2756499896627669e-11,-3.51
1.2779894513662449e-11,-3.5
1.2842427933572453e-11,-3.5
1.290783327356571e-11,-3.5
1.2939895351413825e-11,-3.49
1.2922446111704996e-11,-3.49
1.2868696464692533e-11,-3.48
1.281276653326444e-11,-3.48
1.2784665144469852e-11,-3.48
1.2790413239035898e-11,-3.47
1.2813260591238937e-11,-3.47
1.2828264949473656e-11,-3.46
1.2817915203586633e-11,-3.46
1.278133431933204e-11,-3.46
1.2732021364044575e-11,-3.45
1.2690512558822299e-11,-3.45
1.26741019257602e-11,-3.45
1.2684640450560527e-11,-3.44
1.2706900603672905e-11,-3.44
1.2718192479711991e-11,-3.43
1.2700781988207002e-11,-3.43
1.2654324785828876e-11,-3.43
1.2600526414863407e-11,-3.42
1.2570748565695036e-11,-3.42
1.2583144669083497e-11,-3.41
1.2628710639798242e-11,-3.41
1.2676470911365656e-11,-3.41
1.2694877671067434e-11,-3.4
1.2675113575890723e-11,-3.4
1.2639427799051786e-11,-3.39
1.262512385980959e-11,-3.39
1.2655969390317943e-11,-3.39
1.2725797296251576e-11,-3.38
1.2804219355630726e-11,-3.38
1.2855284320074e-11,-3.38
1.2858387228464735e-11,-3.37
1.2822139157552403e-11,-3.37
1.2778315286762167e-11,-3.36
1.2759371980388623e-11,-3.36
1.2779276066559132e-11,-3.36
1.282916347468377e-11,-3.35
1.2883957706738183e-11,-3.35
1.2913775200289021e-11,-3.34
1.289838107155809e-11,-3.34
1.2841372409835777e-11,-3.34
1.2770471254974904e-11,-3.33
1.2718627180173358e-11,-3.33
1.2703110866454566e-11,-3.32
1.271693326506006e-11,-3.32
1.2733370780753635e-11,-3.32
1.272201417177096e-11,-3.31
1.2666071095792622e-11,-3.31
1.2572329695660244e-11,-3.3
1.247019662895684e-11,-3.3
1.2392237000079688e-11,-3.3
1.2353443404502795e-11,-3.29
1.2344812058220023e-11,-3.29
1.233978125288446e-11,-3.29
1.2311012808671157e-11,-3.28
1.224842222856453e-11,-3.28
1.2162500772776513e-11,-3.27
1.207662514444988e-11,-3.27
1.2016089049815807e-11,-3.27
1.1993457137747078e-11,-3.26
1.199915470166159e-11,-3.26
1.2006440826129074e-11,-3.25
1.1987365148407443e-11,-3.25
1.1932705936493261e-11,-3.25
1.1861082527636168e-11,-3.24
1.1804721242082787e-11,-3.24
1.1785973113571146e-11,-3.23
1.1805729121572097e-11,-3.23
1.1848382906753442e-11,-3.23
1.1892650003930328e-11,-3.22
1.192258100201805e-11,-3.22
1.1934298680132632e-11,-3.21
1.193268803652878e-11,-3.21
1.1927986384149887e-11,-3.21
1.1934404226414752e-11,-3.2
1.1965180118378619e-11,-3.2
1.2026641953212642e-11,-3.2
1.2113003436804577e-11,-3.19
1.2206471431470514e-11,-3.19
1.2286841302688679e-11,-3.18
1.2343030052198165e-11,-3.18
1.2376614727571976e-11,-3.18
1.2399854543449367e-11,-3.17
1.2431520775923705e-11,-3.17
1.2486702513589388e-11,-3.16
1.2568332824951354e-11,-3.16
1.2663998730727462e-11,-3.16
1.27510560224064e-11,-3.15
1.2811223989593815e-11,-3.15
1.284593688517262e-11,-3.14
1.2877342312216767e-11,-3.14
1.2928810439195188e-11,-3.14
1.3006857003413943e-11,-3.13
1.3097060815134935e-11,-3.13
1.3175650590022362e-11,-3.12
1.3227551169224533e-11,-3.12
1.3255919162941977e-11,-3.12
1.3277241042430868e-11,-3.11
1.3307675837545821e-11,-3.11
1.3351451397728719e-11,-3.11
1.3400576886444142e-11,-3.1
1.3443873641245183e-11,-3.1
1.3474525539158798e-11,-3.09
1.3491296675209952e-11,-3.09
1.3500369524561841e-11,-3.09
1.351216582134033e-11,-3.08
1.3531951771034842e-11,-3.08
1.3556421132699826e-11,-3.07
1.3577449581377135e-11,-3.07
1.358849553331185e-11,-3.07
1.3588065747662641e-11,-3.06
1.3580751321926389e-11,-3.06
1.3573106749647154e-11,-3.05
1.357012878222348e-11,-3.05
1.3573682911792545e-11,-3.05
1.3579863485894899e-11,-3.04
1.3581711157709757e-11,-3.04
1.3575553953089976e-11,-3.04
1.3561621478387007e-11,-3.03
1.3541572477861775e-11,-3.03
1.3517301457776244e-11,-3.02
1.3490238088339306e-11,-3.02
1.3462765878985827e-11,-3.02
1.3440425718185798e-11,-3.01
1.3428464152263452e-11,-3.01
1.3426962344933146e-11,-3.0
1.3431557540423055e-11,-3.0
1.34339533555085e-11,-3.0
1.3425340232712506e-11,-2.99
1.3402052980438629e-11,-2.99
1.3369091171417798e-11,-2.98
1.333944197536006e-11,-2.98
1.332726407199511e-11,-2.98
1.3340773657061554e-11,-2.97
1.3376801916155269e-11,-2.97
1.3419857626334383e-11,-2.96
1.3450206949273042e-11,-2.96
1.3457578680833098e-11,-2.96
1.3449004622107326e-11,-2.95
1.3443521266088973e-11,-2.95
1.3459483139696992e-11,-2.95
1.3504080490485554e-11,-2.94
1.3570901059069941e-11,-2.94
1.3644998114224652e-11,-2.93
1.3711660272057412e-11,-2.93
1.376248397572497e-11,-2.93
1.3796049995299164e-11,-2.92
1.381783807786856e-11,-2.92
1.3838021437988007e-11,-2.91
1.3867582736591375e-11,-2.91
1.3914597183281484e-11,-2.91
1.398226915613687e-11,-2.9
1.4064989253710659e-11,-2.9
1.41455444963476e-11,-2.89
1.4207136322851628e-11,-2.89
1.424252108309944e-11,-2.89
1.4254431237803233e-11,-2.88
1.4254315434948451e-11,-2.88
1.4258003185483603e-11,-2.88
1.4276710019072496e-11,-2.87
1.4309277643679728e-11,-2.87
1.4345668422659955e-11,-2.86
1.4375536875649322e-11,-2.86
1.4392260623542771e-11,-2.86
1.4394476112638474e-11,-2.85
1.43859231931741e-11,-2.85
1.4374023967387345e-11,-2.84
1.4367574452044648e-11,-2.84
1.4369871334541448e-11,-2.84
1.4376883006589064e-11,-2.83
1.4384405895945222e-11,-2.83
1.4392138059987002e-11,-2.82
1.4400815115933811e-11,-2.82
1.440896029159819e-11,-2.82
1.4412377405567576e-11,-2.81
1.4407241972108022e-11,-2.81
1.4395368050922156e-11,-2.8
1.4385082359084406e-11,-2.8
1.4383295941176123e-11,-2.8
1.4390557572589972e-11,-2.79
1.4402253249915066e-11,-2.79
1.4412251606656348e-11,-2.79
1.4417104669038678e-11,-2.78
1.4415967710470054e-11,-2.78
1.4408986905640884e-11,-2.77
1.4399827466183626e-11,-2.77
1.439670689932746e-11,-2.77
1.4406200519428052e-11,-2.76
1.4427964619773103e-11,-2.76
1.4455723110221484e-11,-2.75
1.4480897536202544e-11,-2.75
1.4497128651919902e-11,-2.75
1.4503403146476968e-11,-2.74
1.4504102421305815e-11,-2.74
1.4505970959212886e-11,-2.73
1.4513369353721313e-11,-2.73
1.4526712163496868e-11,-2.73
1.4542926430391314e-11,-2.72
1.4557904630601703e-11,-2.72
1.4569660427100946e-11,-2.71
1.4576590174378664e-11,-2.71
1.457605809550943e-11,-2.71
1.456609910412623e-11,-2.7
1.4547481397455141e-11,-2.7
1.4524410198838666e-11,-2.7
1.4503417256739624e-11,-2.69
1.4490683698320352e-11,-2.69
1.4488326472824687e-11,-2.68
1.4491980973640817e-11,-2.68
1.44909868043337e-11,-2.68
1.4473774445825532e-11,-2.67
1.4438478759695817e-11,-2.67
1.4397438617301217e-11,-2.66
1.4369408994847459e-11,-2.66
1.4367881981644794e-11,-2.66
1.439206080681343e-11,-2.65
1.4424324555873332e-11,-2.65
1.4437650049145202e-11,-2.64
1.4413677109144955e-11,-2.64
1.4358160577283194e-11,-2.64
1.4298539941777101e-11,-2.63
1.4267054832004179e-11,-2.63
1.4280634322399478e-11,-2.62
1.4327738503149672e-11,-2.62
1.4373090082694498e-11,-2.62
1.4378549745613192e-11,-2.61
1.4327769176931896e-11,-2.61
1.4237611155827143e-11,-2.61
1.4148649657509454e-11,-2.6
1.4101216680811922e-11,-2.6
1.4110676740865146e-11,-2.59
1.4156750093926934e-11,-2.59
1.4196460990852975e-11,-2.59
1.4190273052089926e-11,-2.58
1.4124958461475417e-11,-2.58
1.4023922054238255e-11,-2.57
1.3936490729116426e-11,-2.57
1.390785404798362e-11,-2.57
1.395136568737801e-11,-2.56
1.4040555966712244e-11,-2.56
1.412242502320691e-11,-2.55
1.4147375568669036e-11,-2.55
1.4102236820751106e-11,-2.55
1.4023297200178607e-11,-2.54
1.3974579167291988e-11,-2.54
1.4004498946683932e-11,-2.54
1.4112880550689942e-11,-2.53
1.4253849768356398e-11,-2.53
1.4368624507247077e-11,-2.52
1.442086437875481e-11,-2.52
1.4415512111508439e-11,-2.52
1.439350914002433e-11,-2.51
1.4403972533202866e-11,-2.51
1.4476529472821683e-11,-2.5
1.4603713484902275e-11,-2.5
1.4746218623227735e-11,-2.5
1.4858218355168885e-11,-2.49
1.4915611026547917e-11,-2.49
1.4933179632751965e-11,-2.48
1.4955404700524994e-11,-2.48
1.5029255365619432e-11,-2.48
1.517276680234273e-11,-2.47
1.5357212321217263e-11,-2.47
1.552424421126725e-11,-2.46
1.5626220080227328e-11,-2.46
1.5659444817321395e-11,-2.46
1.567201105610685e-11,-2.45
1.5728578683089472e-11,-2.45
1.5861221332283303e-11,-2.45
1.605053747835277e-11,-2.44
1.6241481560415358e-11,-2.44
1.6378885616209983e-11,-2.43
1.6442661980491128e-11,-2.43
1.6458255956393412e-11,-2.43
1.64739849105089e-11,-2.42
1.652583165937923e-11,-2.42
1.661631061466195e-11,-2.41
1.672286116129667e-11,-2.41
1.681959427044014e-11,-2.41
1.689424672695874e-11,-2.4
1.695100956905065e-11,-2.4
1.6996152950960538e-11,-2.39
1.702848761703845e-11,-2.39
1.7045426571550734e-11,-2.39
1.7050914156118853e-11,-2.38
1.7057945428070006e-11,-2.38
1.7084471425134394e-11,-2.38
1.7142282872838372e-11,-2.37
1.722515619538904e-11,-2.37
1.7308679490818625e-11,-2.36
1.7362176558810485e-11,-2.36
1.7367919385999543e-11,-2.36
1.7337453995961626e-11,-2.35
1.7305936855114886e-11,-2.35
1.731213794805734e-11,-2.34
1.7375237002104915e-11,-2.34
1.7480076402697484e-11,-2.34
1.7585608180403105e-11,-2.33
1.7651826499239885e-11,-2.33
1.7662782920116106e-11,-2.32
1.763289760373595e-11,-2.32
1.7598322083731076e-11,-2.32
1.759766318958789e-11,-2.31
1.7648905569965214e-11,-2.31
1.7737578074785705e-11,-2.3
1.7827936288466565e-11,-2.3
1.7886474453400596e-11,-2.3
1.789932641210362e-11,-2.29
1.78749784180775e-11,-2.29
1.783735169126966e-11,-2.29
1.781381394949762e-11,-2.28
1.7820613634918165e-11,-2.28
1.7854722533727844e-11,-2.27
1.7896029577279022e-11,-2.27
1.7916105204490484e-11,-2.27
1.7893043723829123e-11,-2.26
1.7829326735916593e-11,-2.26
1.7756260595717232e-11,-2.25
1.7714887355604583e-11,-2.25
1.7725304083460423e-11,-2.25
1.777168047465741e-11,-2.24
1.7814648527289092e-11,-2.24
1.7817366528107544e-11,-2.23
1.7766567169438477e-11,-2.23
1.7678566797500083e-11,-2.23
1.759027046340798e-11,-2.22
1.7536237898531494e-11,-2.22
1.7528603971057537e-11,-2.21
1.755386845659966e-11,-2.21
1.7579138718877453e-11,-2.21
1.7570004039725678e-11,-2.2
1.7513408159310368e-11,-2.2
1.7422283584935267e-11,-2.2
1.7326715820947923e-11,-2.19
1.725971459625849e-11,-2.19
1.723764171662751e-11,-2.18
1.7247137599905928e-11,-2.18
1.7254597720009896e-11,-2.18
1.7231820565008925e-11,-2.17
1.717418184200986e-11,-2.17
1.7101715350061787e-11,-2.16
1.7043137349259276e-11,-2.16
1.701448433584416e-11,-2.16
1.7011477512961417e-11,-2.15
1.701606627111058e-11,-2.15
1.7007157321475426e-11,-2.14
1.6974987367233302e-11,-2.14
1.6930555057507448e-11,-2.14
1.6898443056565037e-11,-2.13
1.6897592797949375e-11,-2.13
1.69248535040026e-11,-2.12
1.695897169187308e-11,-2.12
1.6976901585779903e-11,-2.12
1.6969366756801065e-11,-2.11
1.6947447724428553e-11,-2.11
1.693442277838757e-11,-2.11
1.6947977490359138e-11,-2.1
1.6988394540458345e-11,-2.1
1.7040028510381805e-11,-2.09
1.7083113414535297e-11,-2.09
1.7105524249735195e-11,-2.09
1.710979589071024e-11,-2.08
1.7110783052576245e-11,-2.08
1.712451413257742e-11,-2.07
1.715707218464303e-11,-2.07
1.7199371554305517e-11,-2.07
1.7237066791568878e-11,-2.06
1.7264083740628057e-11,-2.06
1.728644590448903e-11,-2.05
1.7314528968553498e-11,-2.05
1.7352757865614172e-11,-2.05
1.739615569506574e-11,-2.04
1.7433368718666285e-11,-2.04
1.745705508608014e-11,-2.04
1.747236341148427e-11,-2.03
1.7494228377306223e-11,-2.03
1.7535940647183443e-11,-2.02
1.7599667712131907e-11,-2.02
1.767405702633444e-11,-2.02
1.773892678986295e-11,-2.01
1.777779103960219e-11,-2.01
1.778987499587092e-11,-2.0
1.778953316027345e-11,-2.0
1.7797847981115025e-11,-2.0
1.7832100888206304e-11,-1.99
1.7896697910813694e-11,-1.99
1.7979367031208938e-11,-1.98
1.8056285934687068e-11,-1.98
1.8104331027544387e-11,-1.98
1.811327640631432e-11,-1.97
1.8090623404604608e-11,-1.97
1.8054622618713948e-11,-1.96
1.802550610911528e-11,-1.96
1.8016777472010745e-11,-1.96
1.8027941908356772e-11,-1.95
1.8045306067491614e-11,-1.95
1.8049350662554763e-11,-1.95
1.802414885322054e-11,-1.94
1.7967639980629154e-11,-1.94
1.7894166089526798e-11,-1.93
1.7825395997542327e-11,-1.93
1.7777184587181898e-11,-1.93
1.775186486472322e-11,-1.92
1.7738067769550258e-11,-1.92
1.7720363126957022e-11,-1.91
1.7688326611563538e-11,-1.91
1.7638646140768356e-11,-1.91
1.757465353097349e-11,-1.9
1.7506914318056246e-11,-1.9
1.7451049997864618e-11,-1.89
1.741426703694192e-11,-1.89
1.7390379020982396e-11,-1.89
1.7365863372849532e-11,-1.88
1.732984207434731e-11,-1.88
1.7283132527216413e-11,-1.88
1.723932853844597e-11,-1.87
1.721709574443718e-11,-1.87
1.7222956759467918e-11,-1.86
1.7241669835109317e-11,-1.86
1.7248845420271235e-11,-1.86
1.723103517803148e-11,-1.85
1.7195970175047735e-11,-1.85
1.7167144590380235e-11,-1.84
1.7167857961595117e-11,-1.84
1.7206327166415224e-11,-1.84
1.7268922040016646e-11,-1.83
1.7325507072298094e-11,-1.83
1.734718922409142e-11,-1.82
1.732709380389895e-11,-1.82
1.7285949552379387e-11,-1.82
1.7259106731464482e-11,-1.81
1.7274802396731824e-11,-1.81
1.733647098657318e-11,-1.8
1.7419176059448533e-11,-1.8
1.748524028252141e-11,-1.8
1.7509275374224963e-11,-1.79
1.7493241727263142e-11,-1.79
1.746237762461088e-11,-1.79
1.7446761753982405e-11,-1.78
1.7463447988336395e-11,-1.78
1.750976602161894e-11,-1.77
1.7566629883416457e-11,-1.77
1.7608368988292383e-11,-1.77
1.7616755078443522e-11,-1.76
1.759093520581675e-11,-1.76
1.754704071976435e-11,-1.75
1.751030273797528e-11,-1.75
1.7501703667138734e-11,-1.75
1.7526299021360772e-11,-1.74
1.7570072386812224e-11,-1.74
1.760755870311145e-11,-1.73
1.7617517855731748e-11,-1.73
1.7594495852854978e-11,-1.73
1.7552176124260903e-11,-1.72
1.7515921238874095e-11,-1.72
1.7507037036076385e-11,-1.71
1.7530896202173647e-11,-1.71
1.7574771031680996e-11,-1.71
1.761670850850707e-11,-1.7
1.7637718094519322e-11,-1.7
1.7631467088004658e-11,-1.7
1.7606779533506653e-11,-1.69
1.7580298079532327e-11,-1.69
1.7565958892970956e-11,-1.68
1.7566759094455344e-11,-1.68
1.757528513637013e-11,-1.68
1.7583960437104295e-11,-1.67
1.7590493561847026e-11,-1.67
1.759293395083415e-11,-1.66
1.75865796398535e-11,-1.66
1.75662536672805e-11,-1.66
1.753086925906765e-11,-1.65
1.7489007709296064e-11,-1.65
1.7457342518480515e-11,-1.64
1.7448814284742956e-11,-1.64
1.74622122396436e-11,-1.64
1.7483264265040285e-11,-1.63
1.7493553620384198e-11,-1.63
1.747943282538835e-11,-1.62
1.7439916549705348e-11,-1.62
1.7388210581372337e-11,-1.62
1.734458513459287e-11,-1.61
1.732553661974567e-11,-1.61
1.733272577574943e-11,-1.61
1.735213083956797e-11,-1.6
1.7362864163002474e-11,-1.6
1.7346766492594276e-11,-1.59
1.7299099858432547e-11,-1.59
1.7233395685666036e-11,-1.59
1.7172582941663448e-11,-1.58
1.7135227586526756e-11,-1.58
1.7125094771645424e-11,-1.57
1.712624501301926e-11,-1.57
1.711044622446545e-11,-1.57
1.7052983882249123e-11,-1.56
1.6949793625607167e-11,-1.56
1.6825450956845457e-11,-1.55
1.6721179447376996e-11,-1.55
1.6666570422120192e-11,-1.55
1.6653958053897272e-11,-1.54
1.6638071723265717e-11,-1.54
1.6567242002910472e-11,-1.54
1.6423375427137363e-11,-1.53
1.623602723372946e-11,-1.53
1.6064186066036963e-11,-1.52
1.595825077388925e-11,-1.52
1.5924103511104372e-11,-1.52
1.5916804958282227e-11,-1.51
1.587073377578546e-11,-1.51
1.5743698106290354e-11,-1.5
1.5550094783764704e-11,-1.5
1.535121712778757e-11,-1.5
1.5210899600279084e-11,-1.49
1.515241214310644e-11,-1.49
1.514162906478066e-11,-1.48
1.5110488695954913e-11,-1.48
1.500259661456026e-11,-1.48
1.481258885048406e-11,-1.47
1.459572124171428e-11,-1.47
1.443134876079476e-11,-1.46
1.4366636118116116e-11,-1.46
1.4383316408705484e-11,-1.46
1.4404225661325492e-11,-1.45
1.4346946439210079e-11,-1.45
1.4186675506246637e-11,-1.45
1.3973281051983474e-11,-1.44
1.3795854880555196e-11,-1.44
1.372144117345403e-11,-1.43
1.375146992986078e-11,-1.43
1.3823268583815488e-11,-1.43
1.3853700144117805e-11,-1.42
1.3795953220542178e-11,-1.42
1.3669494011755007e-11,-1.41
1.3539130678393367e-11,-1.41
1.3468368549207716e-11,-1.41
1.3479688978152465e-11,-1.4
1.3542835858436114e-11,-1.4
1.3601875802222638e-11,-1.39
1.3617119890777137e-11,-1.39
1.3588394946031452e-11,-1.39
1.3547752385538901e-11,-1.38
1.3530940563280987e-11,-1.38
1.3549696832209107e-11,-1.38
1.358476062750593e-11,-1.37
1.3605227365784388e-11,-1.37
1.3597038946672744e-11,-1.36
1.3576813234340602e-11,-1.36
1.3575506671696163e-11,-1.36
1.3607632837459414e-11,-1.35
1.3657360258311583e-11,-1.35
1.3690095324634235e-11,-1.34
1.3678639080545548e-11,-1.34
1.362518695208059e-11,-1.34
1.3561950360998823e-11,-1.33
1.3527330561027584e-11,-1.33
1.3541034705309382e-11,-1.32
1.3595117639953652e-11,-1.32
1.3659507425936023e-11,-1.32
1.3697375470513275e-11,-1.31
1.3687428523923952e-11,-1.31
1.3637498301839732e-11,-1.3
1.3574599765513991e-11,-1.3
1.3527334591950105e-11,-1.3
1.3514023654314498e-11,-1.29
1.3536609816226725e-11,-1.29
1.3581026502263802e-11,-1.29
1.3625246784080885e-11,-1.28
1.3650629574301897e-11,-1.28
1.3651557052881413e-11,-1.27
1.3638236223056002e-11,-1.27
1.362684602890473e-11,-1.27
1.3627824114790655e-11,-1.26
1.3640774649552848e-11,-1.26
1.3654201876492504e-11,-1.25
1.3656985610248467e-11,-1.25
1.3651422286239708e-11,-1.25
1.3652226319589555e-11,-1.24
1.3673431678132461e-11,-1.24
1.371477396135872e-11,-1.23
1.3757512096848243e-11,-1.23
1.3775404747109461e-11,-1.23
1.3754106364269735e-11,-1.22
1.3705201160454985e-11,-1.22
1.3660099229991295e-11,-1.21
1.3648544619624669e-11,-1.21
1.368054952021272e-11,-1.21
1.3739537238002484e-11,-1.2
1.3788916402438027e-11,-1.2
1.3793465307992152e-11,-1.2
1.3741570331895714e-11,-1.19
1.3652486994919556e-11,-1.19
1.356574322333399e-11,-1.18
1.3520833827132415e-11,-1.18
1.3536104843677083e-11,-1.18
1.3593587362891054e-11,-1.17
1.3643449369184625e-11,-1.17
1.3632928410474922e-11,-1.16
1.354348989337112e-11,-1.16
1.3406288222054133e-11,-1.16
1.3278136261765782e-11,-1.15
1.320418887419563e-11,-1.15
1.3193189908908304e-11,-1.14
1.3215681872802642e-11,-1.14
1.3224349257442946e-11,-1.14
1.3181985920417315e-11,-1.13
1.3083245373638668e-11,-1.13
1.2957000117594658e-11,-1.12
1.2842868529859856e-11,-1.12
1.276705365381998e-11,-1.12
1.2732471739370013e-11,-1.11
1.2721536397046778e-11,-1.11
1.2710081280652576e-11,-1.11
1.2684231216562503e-11,-1.1
1.2644423991517385e-11,-1.1
1.2600582750015792e-11,-1.09
1.2565301553537176e-11,-1.09
1.2544020129916477e-11,-1.09
1.2529768381021326e-11,-1.08
1.2513149678910053e-11,-1.08
1.249570895734408e-11,-1.07
1.2490721100288254e-11,-1.07
1.2513289112602818e-11,-1.07
1.2565428898663566e-11,-1.06
1.263010332779779e-11,-1.06
1.2680026282713962e-11,-1.05
1.269449219229462e-11,-1.05
1.2673697281769473e-11,-1.05
1.2639626762931276e-11,-1.04
1.2625732766064133e-11,-1.04
1.2661484081424296e-11,-1.04
1.2757564706242796e-11,-1.03
1.289577478877935e-11,-1.03
1.3033176476766678e-11,-1.02
1.3122718285759533e-11,-1.02
1.3142069790985085e-11,-1.02
1.3110907622439152e-11,-1.01
1.3084623202105858e-11,-1.01
1.31282443229852e-11,-1.0
1.3277144292877291e-11,-1.0
1.3510909082935847e-11,-1.0
1.3761417336091294e-11,-0.99
1.3950426288432144e-11,-0.99
1.403452728561777e-11,-0.98
1.4027462063432462e-11,-0.98
1.399280185143398e-11,-0.98
1.4012635846481458e-11,-0.97
1.4144165198241748e-11,-0.97
1.438883103278841e-11,-0.96
1.4689331048432473e-11,-0.96
1.4959606691699503e-11,-0.96
1.5130208440880107e-11,-0.95
1.518492303311403e-11,-0.95
1.5169629927524248e-11,-0.95
1.5167449069384755e-11,-0.94
1.5251853376119822e-11,-0.94
1.544335842971199e-11,-0.93
1.569706977788904e-11,-0.93
1.593185405682969e-11,-0.93
1.6081709780074986e-11,-0.92
1.613330524782501e-11,-0.92
1.6124688108316943e-11,-0.91
1.611876960284593e-11,-0.91
1.616464511662952e-11,-0.91
1.6270547272925776e-11,-0.9
1.6406411642421035e-11,-0.9
1.652694308207888e-11,-0.89
1.6601308033331668e-11,-0.89
1.662567781045944e-11,-0.89
1.6618930403526623e-11,-0.88
1.6608332401432898e-11,-0.88
1.6613557967746218e-11,-0.88
1.663774320869575e-11,-0.87
1.666933352437873e-11,-0.87
1.6695428980906632e-11,-0.86
1.6710870238929496e-11,-0.86
1.6715521036495927e-11,-0.86
1.6708938199124792e-11,-0.85
1.6689517998521204e-11,-0.85
1.6657017593976375e-11,-0.84
1.6616915695825494e-11,-0.84
1.6580852556617515e-11,-0.84
1.655939134145095e-11,-0.83
1.655538059248736e-11,-0.83
1.656326473826929e-11,-0.82
1.6570297368333288e-11,-0.82
1.656325993445704e-11,-0.82
1.6535271214823822e-11,-0.81
1.6488417072320957e-11,-0.81
1.6435088082466203e-11,-0.8
1.6394753499858218e-11,-0.8
1.638589435781009e-11,-0.8
1.64139557079567e-11,-0.79
1.6464038213947776e-11,-0.79
1.6506345436894866e-11,-0.79
1.6516025741354738e-11,-0.78
1.6491500009889667e-11,-0.78
1.6455374580475933e-11,-0.77
1.644149908460702e-11,-0.77
1.6474817686741983e-11,-0.77
1.655546819539027e-11,-0.76
1.6659198391366066e-11,-0.76
1.6752303284882397e-11,-0.75
1.680978571669823e-11,-0.75
1.682675633073e-11,-0.75
1.681979713883919e-11,-0.74
1.681842453717414e-11,-0.74
1.6850377631889134e-11,-0.73
1.6927192376277644e-11,-0.73
1.7039421492014898e-11,-0.73
1.7158852240463865e-11,-0.72
1.7250317480023967e-11,-0.72
1.729499843920956e-11,-0.71
1.7301669173992345e-11,-0.71
1.7299507487235418e-11,-0.71
1.731922654161938e-11,-0.7
1.7375757859448446e-11,-0.7
1.746049002179848e-11,-0.7
1.754571925796104e-11,-0.69
1.760288250596197e-11,-0.69
1.7623019127054164e-11,-0.68
1.762273703429617e-11,-0.68
1.7630558327754062e-11,-0.68
1.7664603479978405e-11,-0.67
1.772130620435225e-11,-0.67
1.778130256371386e-11,-0.66
1.782425239032499e-11,-0.66
1.7842600047294757e-11,-0.66
1.7846480930252628e-11,-0.65
1.7855375570396944e-11,-0.65
1.788279589931077e-11,-0.64
1.7925485104016354e-11,-0.64
1.7965445604404706e-11,-0.64
1.7983909543182205e-11,-0.63
1.7975978295281142e-11,-0.63
1.795507190461228e-11,-0.62
1.7940944724373004e-11,-0.62
1.7944787673620163e-11,-0.62
1.796471710445196e-11,-0.61
1.79897067969187e-11,-0.61
1.8007566876791954e-11,-0.61
1.8010160000511902e-11,-0.6
1.7995184101105182e-11,-0.6
1.7969705699822982e-11,-0.59
1.7948711355165078e-11,-0.59
1.7946137883967104e-11,-0.59
1.7966378237528978e-11,-0.58
1.8000589832443275e-11,-0.58
1.8030310933660367e-11,-0.57
1.803801935106862e-11,-0.57
1.801891059311484e-11,-0.57
1.7985649770076635e-11,-0.56
1.796060459289439e-11,-0.56
1.796032075889712e-11,-0.55
1.798483660912968e-11,-0.55
1.8018069551731352e-11,-0.55
1.8038332280441554e-11,-0.54
1.8033085954539975e-11,-0.54
1.8005700917248736e-11,-0.54
1.7972360923696818e-11,-0.53
1.795173603219386e-11,-0.53
1.795234481732634e-11,-0.52
1.7966987882264062e-11,-0.52
1.7979562730154357e-11,-0.52
1.797770111933579e-11,-0.51
1.795964872543069e-11,-0.51
1.7933275317280155e-11,-0.5
1.79093354207972e-11,-0.5
1.789466947151682e-11,-0.5
1.7889684856070827e-11,-0.49
1.789107835666518e-11,-0.49
1.789636476794133e-11,-0.48
1.790349711644789e-11,-0.48
1.7907994838965918e-11,-0.48
1.7904924690118087e-11,-0.47
1.7892347612319576e-11,-0.47
1.7871510311927416e-11,-0.46
1.7847521212747928e-11,-0.46
1.782715385549894e-11,-0.46
1.781684685900434e-11,-0.45
1.7819610832861208e-11,-0.45
1.7826960942940734e-11,-0.45
1.7819883013775943e-11,-0.44
1.7782527662056218e-11,-0.44
1.7715933384601758e-11,-0.43
1.7638019963409592e-11,-0.43
1.7571465178431236e-11,-0.43
1.7529390337597556e-11,-0.42
1.7506481087291324e-11,-0.42
1.74824230572732e-11,-0.41
1.7436029009411353e-11,-0.41
1.7358224371454848e-11,-0.41
1.7257089388844723e-11,-0.4
1.7155388398690004e-11,-0.4
1.7077756393094536e-11,-0.39
1.7033120290557927e-11,-0.39
1.7008451004746558e-11,-0.39
1.697851892586861e-11,-0.38
1.6921874441297032e-11,-0.38
1.6834095567073398e-11,-0.38
1.673242789465466e-11,-0.37
1.6646474380993292e-11,-0.37
1.6596861668325355e-11,-0.36
1.6579475038306056e-11,-0.36
1.6568923342220632e-11,-0.36
1.653800391888203e-11,-0.35
1.647838543547182e-11,-0.35
1.640486507225804e-11,-0.34
1.6342511577795177e-11,-0.34
1.6309825494925026e-11,-0.34
1.6306565579673207e-11,-0.33
1.631637489091146e-11,-0.33
1.6317663303331683e-11,-0.32
1.6294346398342573e-11,-0.32
1.6244518464830097e-11,-0.32
1.6184748843948533e-11,-0.31
1.614325025894186e-11,-0.31
1.6143395479408092e-11,-0.3
1.6193045404608793e-11,-0.3
1.6278473516665064e-11,-0.3
1.636361082630509e-11,-0.29
1.6406314698753096e-11,-0.29
1.6385839002706716e-11,-0.29
1.6320233896438475e-11,-0.28
1.6262409800766553e-11,-0.28
1.6267956635345397e-11,-0.27
1.6355881867181325e-11,-0.27
1.6498077141857174e-11,-0.27
1.66387500030192e-11,-0.26
1.6727821635550888e-11,-0.26
1.6749719634459827e-11,-0.25
1.6728616594605115e-11,-0.25
1.6708475089371015e-11,-0.25
1.6723919484144627e-11,-0.24
1.678164520843893e-11,-0.24
1.6865097444654443e-11,-0.23
1.6950645771436893e-11,-0.23
1.702289126483872e-11,-0.23
1.7079155044558602e-11,-0.22
1.7120217453288608e-11,-0.22
1.71444970960666e-11,-0.21
1.7152255249361635e-11,-0.21
1.7151096516019163e-11,-0.21
1.715668776719427e-11,-0.2
1.718642993438564e-11,-0.2
1.7249696711922433e-11,-0.2
1.73388714428705e-11,-0.19
1.742936636415734e-11,-0.19
1.7491311242842447e-11,-0.18
1.7506075008851494e-11,-0.18
1.747972453680886e-11,-0.18
1.7440754191791647e-11,-0.17
1.7426731022089375e-11,-0.17
1.74651583327618e-11,-0.16
1.755501011472688e-11,-0.16
1.7666303159583982e-11,-0.16
1.7760531832419698e-11,-0.15
1.7809638437880438e-11,-0.15
1.7807971302161222e-11,-0.14
1.7775572378879138e-11,-0.14
1.7748641869823066e-11,-0.14
1.7758711204999998e-11,-0.13
1.781361051976378e-11,-0.13
1.7896161522038933e-11,-0.12
1.797717102658633e-11,-0.12
1.803041640516205e-11,-0.12
1.8042245591947694e-11,-0.11
1.8016851481894653e-11,-0.11
1.797390133802263e-11,-0.11
1.7934815754875424e-11,-0.1
1.7911054831447036e-11,-0.1
1.790074901493797e-11,-0.09
1.7891506620317352e-11,-0.09
1.7869823032940355e-11,-0.09
1.783339520726418e-11,-0.08
1.779132252556413e-11,-0.08
1.7750375099438826e-11,-0.07
1.7705436236147164e-11,-0.07
1.7645580209652548e-11,-0.07
1.7566860942733686e-11,-0.06
1.7477157868223584e-11,-0.06
1.7393295943552145e-11,-0.05
1.733435213807064e-11,-0.05
1.731166685156403e-11,-0.05
1.7319144743312507e-11,-0.04
1.733185973544093e-11,-0.04
1.731357782030377e-11,-0.04
1.7231977831365606e-11,-0.03
1.708427401219356e-11,-0.03
1.6912077648452305e-11,-0.02
1.6780566515725744e-11,-0.02
1.6735507801406546e-11,-0.02
1.6773288518990127e-11,-0.01
1.6838590003803522e-11,-0.01
1.6846621192399263e-11,-0.0
1.6732096061334698e-11,0.0
1.64962104309953e-11,0.0
1.6212826773569694e-11,0.01
1.5987102647539167e-11,0.01
1.5891893058283954e-11,0.02
1.5923883572374136e-11,0.02
1.6006439437958886e-11,0.02
1.6032284702716205e-11,0.03
1.5924280069849106e-11,0.03
1.5682748286142855e-11,0.04
1.538662652326631e-11,0.04
1.514653221916739e-11,0.04
1.5039110275358035e-11,0.05
1.506262936445944e-11,0.05
1.514279061019104e-11,0.05
1.5180114768646237e-11,0.06
1.5107670927597902e-11,0.06
1.4928684267580795e-11,0.07
1.47124177473868e-11,0.07
1.4547509691507486e-11,0.07
1.4486017239277191e-11,0.08
1.4515713227869784e-11,0.08
1.45763563487043e-11,0.09
1.46004416296575e-11,0.09
1.455535967500953e-11,0.09
1.4458066873521936e-11,0.1
1.4355495594578264e-11,0.1
1.4291769194015941e-11,0.11
1.4279279263202097e-11,0.11
1.429857644032477e-11,0.11
1.4320372000121772e-11,0.12
1.4327378476703448e-11,0.12
1.4319564787216196e-11,0.12
1.4304706791257927e-11,0.13
1.4288767515433488e-11,0.13
1.4272584866042598e-11,0.14
1.4256399995701524e-11,0.14
1.4243584967649778e-11,0.14
1.424049456994916e-11,0.15
1.4250683412478854e-11,0.15
1.4270638634498365e-11,0.16
1.4290687621983292e-11,0.16
1.429790660434762e-11,0.16
1.4285103570379052e-11,0.17
1.4257865123800077e-11,0.17
1.4230185296743478e-11,0.18
1.421583641305271e-11,0.18
1.4219987739447364e-11,0.18
1.4237175774175616e-11,0.19
1.4256113010990642e-11,0.19
1.426540943457096e-11,0.2
1.4258157562639422e-11,0.2
1.4234170842589379e-11,0.2
1.4200581841104218e-11,0.21
1.4167355095006394e-11,0.21
1.4143954420711374e-11,0.21
1.413544698558262e-11,0.22
1.4138467933964503e-11,0.22
1.4142527234789153e-11,0.23
1.4134423671288873e-11,0.23
1.4104320282722166e-11,0.23
1.405294118844933e-11,0.24
1.399192902872394e-11,0.24
1.3937167158366507e-11,0.25
1.3899383445444294e-11,0.25
1.3878992456817868e-11,0.25
1.3866349971668462e-11,0.26
1.384787738689284e-11,0.26
1.3813477132054326e-11,0.27
1.3760780808512701e-11,0.27
1.369561137065558e-11,0.27
1.3630000378449964e-11,0.28
1.357703296788585e-11,0.28
1.3540224275500613e-11,0.29
1.351255634347177e-11,0.29
1.3482386515418525e-11,0.29
1.344217505332689e-11,0.3
1.3395011632023654e-11,0.3
1.33541946269059e-11,0.3
1.3335586174482188e-11,0.31
1.3342010300443695e-11,0.31
1.335685238501338e-11,0.32
1.3358041308437522e-11,0.32
1.3335935262287308e-11,0.32
1.3300097014377273e-11,0.33
1.3271431865979856e-11,0.33
1.3268123560983982e-11,0.34
1.3295721871228422e-11,0.34
1.3343176229797612e-11,0.34
1.3386281276266297e-11,0.35
1.3400323638590323e-11,0.35
1.337769480322535e-11,0.36
1.3335129009037238e-11,0.36
1.3304056129561332e-11,0.36
1.331151001003879e-11,0.37
1.336303162374683e-11,0.37
1.343733976209047e-11,0.38
1.349930450655906e-11,0.38
1.3523530219936064e-11,0.38
1.3510427803245395e-11,0.39
1.3483357276365582e-11,0.39
1.346988707052063e-11,0.39
1.3484929439477467e-11,0.4
1.3526592133890903e-11,0.4
1.357971188649093e-11,0.41
1.3623010137564446e-11,0.41
1.3639709009433828e-11,0.41
1.3626602450647218e-11,0.42
1.359520142066143e-11,0.42
1.3565834285072034e-11,0.43
1.3557562975585973e-11,0.43
1.3577835227478779e-11,0.43
1.3617988778582182e-11,0.44
1.3657179781388158e-11,0.44
1.3674234555489513e-11,0.45
1.3660304831758523e-11,0.45
1.3625411194895547e-11,0.45
1.3592352243064124e-11,0.46
1.3582419990675847e-11,0.46
1.3603636202275505e-11,0.46
1.3646280178397324e-11,0.47
1.3689626874583339e-11,0.47
1.3713520589740578e-11,0.48
1.3709535051255794e-11,0.48
1.368581036564526e-11,0.48
1.3661278795599321e-11,0.49
1.365424400827418e-11,0.49
1.3670116035350335e-11,0.5
1.3697760930563665e-11,0.5
1.3719951769784306e-11,0.5
1.3727062694744702e-11,0.51
1.3722194742245986e-11,0.51
1.3714855715187624e-11,0.52
1.3712387503317841e-11,0.52
1.371729400445948e-11,0.52
1.3726463603651199e-11,0.53
1.3731823589864398e-11,0.53
1.3727919489213802e-11,0.54
1.3719847956957082e-11,0.54
1.3722033987634873e-11,0.54
1.3745006855092556e-11,0.55
1.378299178277531e-11,0.55
1.3819739274221501e-11,0.55
1.3842320634201488e-11,0.56
1.38474900402297e-11,0.56
1.3840743821629735e-11,0.57
1.3832867089843346e-11,0.57
1.3836089740811074e-11,0.57
1.3859921293942683e-11,0.58
1.3904861717130987e-11,0.58
1.3959840811628135e-11,0.59
1.4007978611100581e-11,0.59
1.4034940239042095e-11,0.59
1.4036869959685505e-11,0.6
1.402353583885982e-11,0.6
1.4012825394922692e-11,0.61
1.4019688462561132e-11,0.61
1.4045921172068638e-11,0.61
1.4080587685232362e-11,0.62
1.411027376446122e-11,0.62
1.412798930499327e-11,0.62
1.4133110529434075e-11,0.63
1.412576157670862e-11,0.63
1.4105462045650923e-11,0.64
1.407497453657378e-11,0.64
1.4044030856080184e-11,0.64
1.4026439856318862e-11,0.65
1.4031832395489641e-11,0.65
1.4056133763993702e-11,0.66
1.4081460021866842e-11,0.66
1.4083424283173412e-11,0.66
1.404225827978471e-11,0.67
1.3959283361174185e-11,0.67
1.3865002143456793e-11,0.68
1.3802400869670996e-11,0.68
1.379786443516426e-11,0.68
1.3840584018602323e-11,0.69
1.3884908043021282e-11,0.69
1.387921058178804e-11,0.7
1.3798643044942512e-11,0.7
1.3661490473077338e-11,0.7
1.3523100983117233e-11,0.71
1.3443609360462631e-11,0.71
1.344706690259617e-11,0.71
1.3504283395458986e-11,0.72
1.3548813141777294e-11,0.72
1.351979276748333e-11,0.73
1.3403238061167966e-11,0.73
1.3241082375240976e-11,0.73
1.3103570234159074e-11,0.74
1.3042613919604585e-11,0.74
1.3062100868493278e-11,0.75
1.3118610071423242e-11,0.75
1.3149380077955461e-11,0.75
1.3113406749959379e-11,0.76
1.3018263618541766e-11,0.76
1.2910888014267209e-11,0.77
1.2844004521320402e-11,0.77
1.2840786605958278e-11,0.77
1.288104985613164e-11,0.78
1.2921449671901572e-11,0.78
1.292982506925032e-11,0.79
1.2904731857637565e-11,0.79
1.2870919816275125e-11,0.79
1.2858257217567807e-11,0.8
1.2879413884245117e-11,0.8
1.2922457486743246e-11,0.8
1.2964378292413352e-11,0.81
1.2989517525488635e-11,0.81
1.299996727118233e-11,0.82
1.301259657633929e-11,0.82
1.3043181922926884e-11,0.82
1.3094576372029263e-11,0.83
1.3156409686641484e-11,0.83
1.3211976833858962e-11,0.84
1.3250113905706746e-11,0.84
1.327315807331412e-11,0.84
1.3291934535847385e-11,0.85
1.3319605663509397e-11,0.85
1.3367519880883347e-11,0.86
1.343713933507588e-11,0.86
1.3515489480611002e-11,0.86
1.3583045380594219e-11,0.87
1.362590208481284e-11,0.87
1.363969949446652e-11,0.88
1.363230546385923e-11,0.88
1.3624600781837147e-11,0.88
1.3639909108239385e-11,0.89
1.3687375673193552e-11,0.89
1.3756888374985877e-11,0.89
1.3828222351970215e-11,0.9
1.388398509565443e-11,0.9
1.3919717323336759e-11,0.91
1.3941283586055204e-11,0.91
1.395573767056663e-11,0.91
1.3967353498237808e-11,0.92
1.397649856647949e-11,0.92
1.3983970276916891e-11,0.93
1.3996984704370809e-11,0.93
1.4025879457232741e-11,0.93
1.4074262649773992e-11,0.94
1.4132610925735265e-11,0.94
1.4179657667048245e-11,0.95
1.4193934975514216e-11,0.95
1.4169202337527197e-11,0.95
1.4122306749958134e-11,0.96
1.4084010718933466e-11,0.96
1.407892008172578e-11,0.96
1.411129225724656e-11,0.97
1.4162480489947765e-11,0.97
1.4199476630380087e-11,0.98
1.4195479519017155e-11,0.98
1.4146381124001095e-11,0.98
1.4070219127179192e-11,0.99
1.3995790319408384e-11,0.99
1.3950620287339205e-11,1.0
1.3949219686472971e-11,1.0
1.3981952631651752e-11,1.0
1.401601848978963e-11,1.01
1.4013539288380345e-11,1.01
1.3958325357378694e-11,1.02
1.3867467007134709e-11,1.02
1.3774676584537884e-11,1.02
1.3709063743225786e-11,1.03
1.3681247410954693e-11,1.03
1.36798358556656e-11,1.04
1.3680025673621863e-11,1.04
1.3658348591149687e-11,1.04
1.3607943828078358e-11,1.05
1.3541763046093556e-11,1.05
1.3478489778721316e-11,1.05
1.3430100714702511e-11,1.06
1.3398397044055974e-11,1.06
1.3376510527740022e-11,1.07
1.3355218218053427e-11,1.07
1.333273687425381e-11,1.07
1.3315214646736001e-11,1.08
1.3310338541066834e-11,1.08
1.3320616889043708e-11,1.09
1.333823472792578e-11,1.09
1.3347223934694444e-11,1.09
1.3337953563484192e-11,1.1
1.3319824809945405e-11,1.1
1.3315839089240585e-11,1.11
1.3347315208324182e-11,1.11
1.3419036036651654e-11,1.11
1.3514153681014674e-11,1.12
1.3601590535357046e-11,1.12
1.3653584242216433e-11,1.12
1.3663414312502445e-11,1.13
1.364889982922342e-11,1.13
1.3642986892230665e-11,1.14
1.3679395650631308e-11,1.14
1.377806454400995e-11,1.14
1.3931570349910518e-11,1.15
1.4103539370855541e-11,1.15
1.424453588979404e-11,1.16
1.431951344185609e-11,1.16
1.4330524544764828e-11,1.16
1.431934652564719e-11,1.17
1.4351290959552028e-11,1.17
1.4478661993213275e-11,1.18
1.470509333391208e-11,1.18
1.4980349814433246e-11,1.18
1.5228257995263885e-11,1.19
1.538891079273111e-11,1.19
1.5448595875156715e-11,1.2
1.5447744509902608e-11,1.2
1.5463663611638065e-11,1.2
1.5567897975501924e-11,1.21
1.5783920061127514e-11,1.21
1.6072419282089856e-11,1.21
1.6352897119207853e-11,1.22
1.6548053271598632e-11,1.22
1.6627922085984715e-11,1.23
1.662672491207546e-11,1.23
1.662246719347324e-11,1.23
1.669078582687937e-11,1.24
1.6860808215554426e-11,1.24
1.709812114790937e-11,1.25
1.732815017691221e-11,1.25
1.7485682975895684e-11,1.25
1.755359083763019e-11,1.26
1.756507679652542e-11,1.26
1.757825469670714e-11,1.27
1.7636889221870498e-11,1.27
1.7746442353994187e-11,1.27
1.7879766459244354e-11,1.28
1.8000037031821643e-11,1.28
1.8084941512574683e-11,1.29
1.8132176916707733e-11,1.29
1.8153280820131405e-11,1.29
1.8164320234116255e-11,1.3
1.8178600610987313e-11,1.3
1.8201414320283452e-11,1.3
1.8228851697132347e-11,1.31
1.8256033803918786e-11,1.31
1.8281565210514454e-11,1.32
1.8302669527202342e-11,1.32
1.8312080894656186e-11,1.32
1.830253354028894e-11,1.33
1.82734691844381e-11,1.33
1.8234255590307426e-11,1.34
1.8200182440251896e-11,1.34
1.8183801041659975e-11,1.34
1.818720746961408e-11,1.35
1.8201060756222653e-11,1.35
1.8209748351096337e-11,1.36
1.8201695429896794e-11,1.36
1.8174516407426696e-11,1.36
1.8132633964670614e-11,1.37
1.8085183665816423e-11,1.37
1.8044319659509166e-11,1.38
1.8020702943959413e-11,1.38
1.8016285172281543e-11,1.38
1.8022093848360865e-11,1.39
1.8023142221437572e-11,1.39
1.801016529359775e-11,1.39
1.798510180641851e-11,1.4
1.795565654883291e-11,1.4
1.7929515571873185e-11,1.41
1.7910993873213754e-11,1.41
1.7900688561448353e-11,1.41
1.7898238545051486e-11,1.42
1.790344649337188e-11,1.42
1.7914429811480024e-11,1.43
1.7926722824364765e-11,1.43
1.793441954797902e-11,1.43
1.7931965077531316e-11,1.44
1.791832078917741e-11,1.44
1.7900194232388247e-11,1.45
1.78918070605859e-11,1.45
1.7906027270797985e-11,1.45
1.7944295317557606e-11,1.46
1.799383926427098e-11,1.46
1.803362575566971e-11,1.46
1.8046972067564134e-11,1.47
1.8032734138026807e-11,1.47
1.8007284859071912e-11,1.48
1.7993355321347682e-11,1.48
1.8004192852485398e-11,1.48
1.8036014453627253e-11,1.49
1.807303060799532e-11,1.49
1.8099077760838987e-11,1.5
1.8107040745564672e-11,1.5
1.8099023147045337e-11,1.5
1.8082415363627242e-11,1.51
1.8066629657953943e-11,1.51
1.8057585734719348e-11,1.52
1.8054542762602373e-11,1.52
1.8053105697123115e-11,1.52
1.804854374458607e-11,1.53
1.8039845483948865e-11,1.53
1.8030397714277775e-11,1.54
1.801931508546414e-11,1.54
1.7997573717357533e-11,1.54
1.7958671534199544e-11,1.55
1.790858036973473e-11,1.55
1.786061124869123e-11,1.55
1.782573438350262e-11,1.56
1.7807400380142673e-11,1.56
1.780139633727683e-11,1.57
1.7798685529251672e-11,1.57
1.7788918246612816e-11,1.57
1.7763362288671316e-11,1.58
1.7721348608860786e-11,1.58
1.7673304148447406e-11,1.59
1.763454985350114e-11,1.59
1.7616338881243986e-11,1.59
1.761832445397729e-11,1.6
1.762684657968035e-11,1.6
1.762390428628844e-11,1.61
1.760039283651151e-11,1.61
1.7562171250923004e-11,1.61
1.7525344280816322e-11,1.62
1.7504004195553703e-11,1.62
1.7501102037959287e-11,1.62
1.7507542584922138e-11,1.63
1.7509733309249877e-11,1.63
1.7499831899348008e-11,1.64
1.7479565885108896e-11,1.64
1.7458875223592187e-11,1.64
1.7447927082223188e-11,1.65
1.7449241602768202e-11,1.65
1.745878844462747e-11,1.66
1.746801797834842e-11,1.66
1.74682745752256e-11,1.66
1.7459744854053372e-11,1.67
1.7452368998310735e-11,1.67
1.7456790615487767e-11,1.68
1.7477172073803616e-11,1.68
1.7509255846238087e-11,1.68
1.7542232636952847e-11,1.69
1.7566722544801096e-11,1.69
1.7579784901225766e-11,1.7
1.758234784908977e-11,1.7
1.758120590576681e-11,1.7
1.759043591488596e-11,1.71
1.7621913496998584e-11,1.71
1.7677557506738245e-11,1.71
1.774630392694971e-11,1.72
1.7809025425280175e-11,1.72
1.7847785165968067e-11,1.73
1.7853656552608395e-11,1.73
1.783181026524203e-11,1.73
1.7800770497105335e-11,1.74
1.7785748506525443e-11,1.74
1.7804692682203174e-11,1.75
1.785788298799169e-11,1.75
1.7928275863136292e-11,1.75
1.7987764189878582e-11,1.76
1.8009462177713516e-11,1.76
1.7981029907489832e-11,1.77
1.791109049289035e-11,1.77
1.78259600007938e-11,1.77
1.7760303276632874e-11,1.78
1.774333864965863e-11,1.78
1.7781037048840087e-11,1.79
1.784797212900654e-11,1.79
1.790017592939949e-11,1.79
1.789761003773768e-11,1.8
1.7826884199621852e-11,1.8
1.771117978889253e-11,1.8
1.7598165409587838e-11,1.81
1.7534620401733798e-11,1.81
1.753908631438816e-11,1.82
1.758971271428948e-11,1.82
1.7639527057671063e-11,1.82
1.7645998780147823e-11,1.83
1.7592818298531905e-11,1.83
1.7496288259730354e-11,1.84
1.7395581516791248e-11,1.84
1.732926052422637e-11,1.84
1.7317610255381828e-11,1.85
1.7353055218873502e-11,1.85
1.7400569005102753e-11,1.86
1.7417765740990505e-11,1.86
1.7384859674564752e-11,1.86
1.7316297298600798e-11,1.87
1.724915088178726e-11,1.87
1.7226295652458265e-11,1.88
1.7272741180253332e-11,1.88
1.7370967621111882e-11,1.88
1.7467591672759263e-11,1.89
1.7509930809613853e-11,1.89
1.748129559552743e-11,1.89
1.7414201749852806e-11,1.9
1.736859069539557e-11,1.9
1.739001978526623e-11,1.91
1.7482546689547985e-11,1.91
1.760990415495923e-11,1.91
1.77203180381995e-11,1.92
1.7778849478166245e-11,1.92
1.7786005576266284e-11,1.93
1.7770403507468837e-11,1.93
1.776343082659634e-11,1.93
1.7780113993609678e-11,1.94
1.7817951941304534e-11,1.94
1.7865172067435667e-11,1.95
1.791300309852642e-11,1.95
1.795907739143314e-11,1.95
1.8000280336256308e-11,1.96
1.8029711244063943e-11,1.96
1.8039860113803538e-11,1.96
1.803021644343324e-11,1.97
1.8012963843577997e-11,1.97
1.8009324827465436e-11,1.98
1.803666702134748e-11,1.98
1.8097251072222965e-11,1.98
1.8176903380916156e-11,1.99
1.825059012934194e-11,1.99
1.8293202338556458e-11,2.0
1.8294718954829156e-11,2.0
1.826761072902717e-11,2.0
1.8242389296550346e-11,2.01
1.8252717615794542e-11,2.01
1.8313392250897353e-11,2.02
1.841136498668188e-11,2.02
1.8517529893638532e-11,2.02
1.8600098297743898e-11,2.03
1.863818083759704e-11,2.03
1.8634431520382997e-11,2.04
1.8616048651343776e-11,2.04
1.861857186366971e-11,2.04
1.866213277395578e-11,2.05
1.8739732283643966e-11,2.05
1.8824401648572172e-11,2.05
1.888619952273819e-11,2.06
1.8906790019459635e-11,2.06
1.8889673040208533e-11,2.07
1.88575677962038e-11,2.07
1.8833994746218497e-11,2.07
1.8829254363507496e-11,2.08
1.8836082037643597e-11,2.08
1.8834742644189855e-11,2.09
1.8808476343811754e-11,2.09
1.8759314766431806e-11,2.09
1.8705883287945595e-11,2.1
1.8663566960247478e-11,2.1
1.8630060110930132e-11,2.11
1.8589810977574482e-11,2.11
1.8529215237781225e-11,2.11
1.8445697954444795e-11,2.12
1.8350071332744745e-11,2.12
1.8262920776816537e-11,2.12
1.820435794697817e-11,2.13
1.8180988640073305e-11,2.13
1.8178267056205598e-11,2.14
1.816294136216748e-11,2.14
1.809699371454753e-11,2.14
1.7963330664683002e-11,2.15
1.7785532546832117e-11,2.15
1.761770535077445e-11,2.16
1.7511154025357377e-11,2.16
1.7484120544887875e-11,2.16
1.750693421800346e-11,2.17
1.7508737817048423e-11,2.17
1.7417508880529412e-11,2.18
1.721078337944268e-11,2.18
1.6934700434870244e-11,2.18
1.6675774977321e-11,2.19
1.6507444889556268e-11,2.19
1.6449248947767433e-11,2.2
1.6459943941389776e-11,2.2
1.645953004349109e-11,2.2
1.6370553296704432e-11,2.21
1.6163285903858706e-11,2.21
1.5875205321103053e-11,2.21
1.55893653036881e-11,2.22
1.538504063182099e-11,2.22
1.5292266737005792e-11,2.23
1.5279411432762376e-11,2.23
1.5275575018286303e-11,2.23
1.5210017594787743e-11,2.24
1.505175777023604e-11,2.24
1.4827605801766176e-11,2.25
1.4602334045666483e-11,2.25
1.443646751130272e-11,2.25
1.4352378926775177e-11,2.26
1.432870600293392e-11,2.26
1.4318350874758978e-11,2.27
1.4279177013650808e-11,2.27
1.4194722844001512e-11,2.27
1.407661223986398e-11,2.28
1.3954079337670849e-11,2.28
1.3854533709459792e-11,2.29
1.379236229239839e-11,2.29
1.37664017487947e-11,2.29
1.3762009277194063e-11,2.3
1.3757441273618141e-11,2.3
1.3733928578539069e-11,2.3
1.3686475812518495e-11,2.31
1.362432571079807e-11,2.31
1.3563304531566541e-11,2.32
1.351818418453925e-11,2.32
1.3498128551264825e-11,2.32
1.3502346081615574e-11,2.33
1.3519678211369994e-11,2.33
1.3533320931616014e-11,2.34
1.352806648722077e-11,2.34
1.3500151668036793e-11,2.34
1.3460519500935886e-11,2.35
1.3426407607666342e-11,2.35
1.3409896786269342e-11,2.36
1.3411167302391965e-11,2.36
1.3422650473327423e-11,2.36
1.3437228752209576e-11,2.37
1.344998588837809e-11,2.37
1.3456697115632105e-11,2.38
1.3455816759478743e-11,2.38
1.3450725902830019e-11,2.38
1.3446177276599196e-11,2.39
1.3445503625768604e-11,2.39
1.3449274094370875e-11,2.39
1.3456146183160316e-11,2.4
1.3463884155324826e-11,2.4
1.3470393002795716e-11,2.41
1.3475961269323768e-11,2.41
1.3482888309016383e-11,2.41
1.3491212217528405e-11,2.42
1.3497184932515976e-11,2.42
1.3494932452718184e-11,2.43
1.3480279213007326e-11,2.43
1.3454606551376712e-11,2.43
1.3427665159158263e-11,2.44
1.3413725747808158e-11,2.44
1.3421154524120006e-11,2.45
1.3443497531237575e-11,2.45
1.3460692089416728e-11,2.45
1.345119210653693e-11,2.46
1.3408914928480647e-11,2.46
1.3351555515709379e-11,2.46
1.3309935672211393e-11,2.47
1.3306188588431986e-11,2.47
1.3338326936563446e-11,2.48
1.3384901963511823e-11,2.48
1.342230088830149e-11,2.48
1.3437140922847216e-11,2.49
1.3431417227406434e-11,2.49
1.3423926304133407e-11,2.5
1.3440372932707138e-11,2.5
1.3494240424161427e-11,2.5
1.3574549514371152e-11,2.51
1.365331488397524e-11,2.51
1.3708895209779494e-11,2.52
1.3742572373501588e-11,2.52
1.3774078270601345e-11,2.52
1.3824494509141492e-11,2.53
1.389969816887985e-11,2.53
1.3987044700679093e-11,2.54
1.4068420513032604e-11,2.54
1.4134791149752454e-11,2.54
1.418992102576041e-11,2.55
1.4244580667678645e-11,2.55
1.4308195634092847e-11,2.55
1.438406225532086e-11,2.56
1.4471379858375032e-11,2.56
1.4567526068843436e-11,2.57
1.4663864718878403e-11,2.57
1.4745952570673065e-11,2.57
1.4805504529112303e-11,2.58
1.4847261118346386e-11,2.58
1.4884409877017527e-11,2.59
1.4931799345599118e-11,2.59
1.499756371858598e-11,2.59
1.5076980342513487e-11,2.6
1.5156533159502702e-11,2.6
1.5222781453020578e-11,2.61
1.526992772030964e-11,2.61
1.5302097369131497e-11,2.61
1.5325850531694277e-11,2.62
1.534701880167538e-11,2.62
1.5374316990596823e-11,2.62
1.542038993124073e-11,2.63
1.5491660332921396e-11,2.63
1.5576579142314123e-11,2.64
1.5651895161202597e-11,2.64
1.5699892118401538e-11,2.64
1.571978916941702e-11,2.65
1.5725252043032345e-11,2.65
1.5735176922735944e-11,2.66
1.5768460274892594e-11,2.66
1.5837967294715957e-11,2.66
1.5938571901283033e-11,2.67
1.6041420437897945e-11,2.67
1.6107742607923148e-11,2.68
1.611666231043519e-11,2.68
1.6081974344330276e-11,2.68
1.6046666255474383e-11,2.69
1.6056870807241272e-11,2.69
1.6131130560542887e-11,2.7
1.625042559418058e-11,2.7
1.6368118039486627e-11,2.7
1.6432579569140933e-11,2.71
1.6419386509709958e-11,2.71
1.6348833734315425e-11,2.71
1.6275689933784264e-11,2.72
1.6253994647486462e-11,2.72
1.6304201008791372e-11,2.73
1.6404602787414334e-11,2.73
1.6506844800138466e-11,2.73
1.6564600686078378e-11,2.74
1.6554897403023772e-11,2.74
1.6486434802888634e-11,2.75
1.6394079101639107e-11,2.75
1.6322050534425673e-11,2.75
1.6302174548280163e-11,2.76
1.6338333051232632e-11,2.76
1.640801516970742e-11,2.77
1.6474637869602273e-11,2.77
1.6505196825122402e-11,2.77
1.6486442136205796e-11,2.78
1.64296731237108e-11,2.78
1.636123715345e-11,2.79
1.6306094990416723e-11,2.79
1.6277376268607496e-11,2.79
1.6276857267580494e-11,2.8
1.6298054688569297e-11,2.8
1.6325716256217106e-11,2.8
1.633652284396915e-11,2.81
1.6308535763621244e-11,2.81
1.6235585850474488e-11,2.82
1.613473539303446e-11,2.82
1.6039078999315358e-11,2.82
1.598009318439213e-11,2.83
1.5967362056016778e-11,2.83
1.5982102150299736e-11,2.84
1.5986606618051892e-11,2.84
1.5944029510549482e-11,2.84
1.584080251251071e-11,2.85
1.5698784960744455e-11,2.85
1.5565233067384865e-11,2.86
1.548441929456281e-11,2.86
1.5467470142071362e-11,2.86
1.5485986121476416e-11,2.87
1.549286042970924e-11,2.87
1.5447684910579518e-11,2.88
1.5336997982295483e-11,2.88
1.518582918154178e-11,2.88
1.5046001189611763e-11,2.89
1.4965023136353483e-11,2.89
1.4958439583917715e-11,2.89
1.500184361853722e-11,2.9
1.5045266483795083e-11,2.9
1.50410014932099e-11,2.91
1.4972172589445284e-11,2.91
1.4863606219328466e-11,2.91
1.4763409103065566e-11,2.92
1.471032953030181e-11,2.92
1.4711521389344782e-11,2.93
1.4743905135746918e-11,2.93
1.4775515835313138e-11,2.93
1.4789017891165265e-11,2.94
1.478803270398878e-11,2.94
1.478494453053962e-11,2.95
1.478190082067336e-11,2.95
1.4768880567306624e-11,2.95
1.4741026094619035e-11,2.96
1.4709521560669276e-11,2.96
1.4698088507806443e-11,2.96
1.4728625526164397e-11,2.97
1.480196641944368e-11,2.97
1.4890045245859178e-11,2.98
1.4951776164336972e-11,2.98
1.4962330525773536e-11,2.98
1.4930552963058437e-11,2.99
1.48939073928842e-11,2.99
1.489623935169193e-11,3.0
1.4958327395037588e-11,3.0
1.5065968499363974e-11,3.0
1.5180763750384687e-11,3.01
1.5257744278288878e-11,3.01
1.527018494959339e-11,3.02
1.522850213412975e-11,3.02
1.517310926576004e-11,3.02
1.515235382634157e-11,3.03
1.5197159879180215e-11,3.03
1.530002289234317e-11,3.04
1.5416512904059418e-11,3.04
1.549273744011965e-11,3.04
1.5498806731686996e-11,3.05
1.5444287538877564e-11,3.05
1.5372832113770513e-11,3.05
1.5338248049979172e-11,3.06
1.5371645087607236e-11,3.06
1.54611196870399e-11,3.07
1.5562133765473164e-11,3.07
1.562946399097757e-11,3.07
1.5644667761670108e-11,3.08
1.562394863345378e-11,3.08
1.560093053458087e-11,3.09
1.5601155705847315e-11,3.09
1.5627927784642133e-11,3.09
1.5663841111544027e-11,3.1
1.5686820027881434e-11,3.1
1.568776013761281e-11,3.11
1.5675740242762912e-11,3.11
1.5668726226022615e-11,3.11
1.5679792581437144e-11,3.12
1.5706458746561445e-11,3.12
1.5732189137678636e-11,3.12
1.573849146444376e-11,3.13
1.5718028701045234e-11,3.13
1.5681145251214312e-11,3.14
1.5649912236626194e-11,3.14
1.5644368272738423e-11,3.14
1.5669155117303374e-11,3.15
1.5708269169089442e-11,3.15
1.5736269617614023e-11,3.16
1.5735078234966476e-11,3.16
1.570255685339113e-11,3.16
1.5652772196437246e-11,3.17
1.5609427745395724e-11,3.17
1.559380750465084e-11,3.18
1.561030207631505e-11,3.18
1.5642587005180882e-11,3.18
1.5666188623629907e-11,3.19
1.566588601979208e-11,3.19
1.5642627808415023e-11,3.2
1.560423463903344e-11,3.2
1.5559059275925463e-11,3.2
1.5517479038002474e-11,3.21
1.549113603987174e-11,3.21
1.5486923726681067e-11,3.21
1.5502323413085327e-11,3.22
1.5526746961697563e-11,3.22
1.5545346196374438e-11,3.23
1.554292343691288e-11,3.23
1.551247541880934e-11,3.23
1.5464439867975168e-11,3.24
1.5422684542628257e-11,3.24
1.5409421753815266e-11,3.25
1.543411103042685e-11,3.25
1.5487970728191586e-11,3.25
1.5548176967786525e-11,3.26
1.5590712788882323e-11,3.26
1.5601697200293197e-11,3.27
1.558354314656823e-11,3.27
1.5557336468104962e-11,3.27
1.555580729760527e-11,3.28
1.5602592832702234e-11,3.28
1.5694815599609604e-11,3.29
1.5804303337070735e-11,3.29
1.5897614753080242e-11,3.29
1.595668301552699e-11,3.3
1.598476834208705e-11,3.3
1.5999312881357566e-11,3.3
1.601733186102574e-11,3.31
1.6051564607207222e-11,3.31
1.6116419011624743e-11,3.32
1.6225562838006354e-11,3.32
1.6377279195028207e-11,3.32
1.6544743007086866e-11,3.33
1.6685308832068185e-11,3.33
1.6766148752719407e-11,3.34
1.678780600605705e-11,3.34
1.678755591982247e-11,3.34
1.6826464232043823e-11,3.35
1.695606128963405e-11,3.35
1.7182460186790217e-11,3.36
1.7457592823729566e-11,3.36
1.7703218249601566e-11,3.36
1.7854822518548143e-11,3.37
1.7899199801524233e-11,3.37
1.788419897985963e-11,3.38
1.7892662478242537e-11,3.38
1.7993241287919542e-11,3.38
1.819911007611334e-11,3.39
1.8462311824217306e-11,3.39
1.8704675008892733e-11,3.39
1.886215961083927e-11,3.4
1.892027106156992e-11,3.4
1.8918737516612322e-11,3.41
1.8925276510968586e-11,3.41
1.899624990592688e-11,3.41
1.914512399511072e-11,3.42
1.9337983673157673e-11,3.42
1.9518203995591794e-11,3.43
1.9641477283432906e-11,3.43
1.9700154721660428e-11,3.43
1.972132745522351e-11,3.44
1.97448548267029e-11,3.44
1.97965171542475e-11,3.45
1.987756265000555e-11,3.45
1.9972042819691286e-11,3.45
2.005945943102661e-11,3.46
2.012539392595155e-11,3.46
2.0164842867880143e-11,3.46
2.0181700988433367e-11,3.47
2.0185885683414418e-11,3.47
2.0190459859773167e-11,3.48
2.0205257187602585e-11,3.48
2.0230375189812438e-11,3.48
2.025706312216249e-11,3.49
2.0274462374802045e-11,3.49
2.027268801638377e-11,3.5
2.024340161075416e-11,3.5
2.0188548560014693e-11,3.5
2.0125135215353864e-11,3.51
2.007516132418665e-11,3.51
2.0052079814002953e-11,3.52
2.0052431446038937e-11,3.52
2.0055589973390143e-11,3.52
2.0036372614355657e-11,3.53
1.9981704882412173e-11,3.53
1.9899582360709155e-11,3.54
1.9813423213776095e-11,3.54
1.9746032141482688e-11,3.54
1.9706476963688145e-11,3.55
1.9687376910811225e-11,3.55
1.9670760455525266e-11,3.55
1.963638226611061e-11,3.56
1.957170471469226e-11,3.56
1.9480687349004993e-11,3.57
1.9387808489369254e-11,3.57
1.9326594268580615e-11,3.57
1.9315239824003505e-11,3.58
1.934124777003907e-11,3.58
1.9366588158960282e-11,3.59
1.9351712917453876e-11,3.59
1.928659897140269e-11,3.59
1.9202665212042764e-11,3.6
1.9152517039603306e-11,3.6
1.9175836410627415e-11,3.61
1.927095601882597e-11,3.61
1.939159647415052e-11,3.61
1.9478176399471765e-11,3.62
1.9494182921351325e-11,3.62
1.9448683963503374e-11,3.62
1.9393915082553545e-11,3.63
1.939490043922832e-11,3.63
1.949045401061365e-11,3.64
1.9664814702407943e-11,3.64
1.9851784891626368e-11,3.64
1.997628266065526e-11,3.65
2.0002300259493794e-11,3.65
1.9954187664846604e-11,3.66
1.989686024235084e-11,3.66
1.989388684941406e-11,3.66
1.9971935875514167e-11,3.67
2.010882899934663e-11,3.67
2.0253882279067083e-11,3.68
2.035549251938375e-11,3.68
2.0384243565218185e-11,3.68
2.034788800121069e-11,3.69
2.028547160791019e-11,3.69
2.0247398995623428e-11,3.7
2.026609823822134e-11,3.7
2.0334979941833417e-11,3.7
2.0416055050252747e-11,3.71
2.0467634935511855e-11,3.71
2.0471029349165397e-11,3.71
2.043787230482069e-11,3.72
2.0399018005861202e-11,3.72
2.0386808238446514e-11,3.73
2.0415220874701408e-11,3.73
2.0469616651742706e-11,3.73
2.0517269996018888e-11,3.74
2.0536298354455287e-11,3.74
2.0534511722494882e-11,3.75
2.0538150193916044e-11,3.75
2.0568869009034938e-11,3.75
2.063334727512723e-11,3.76
2.0721804847624932e-11,3.76
2.081057036335797e-11,3.77
2.0875071107645464e-11,3.77
2.090523526406162e-11,3.77
2.0909948685724063e-11,3.78
2.0911035413579183e-11,3.78
2.0933335314308504e-11,3.79
2.0992224831252843e-11,3.79
2.108541013323927e-11,3.79
2.119259279543496e-11,3.8
2.1283017121804038e-11,3.8
2.133140682613637e-11,3.8
2.1334878302444772e-11,3.81
2.131823852128511e-11,3.81
2.131990216876534e-11,3.82
2.1368445716063108e-11,3.82
2.146639980052259e-11,3.82
2.1587948210539326e-11,3.83
2.1694415704542942e-11,3.83
2.1755988620874483e-11,3.84
2.177236764657448e-11,3.84
2.1775328594933182e-11,3.84
2.180448427317382e-11,3.85
2.1879400073986435e-11,3.85
2.1988153760370708e-11,3.86
2.2098455406103278e-11,3.86
2.218010008207067e-11,3.86
2.2222073084061028e-11,3.87
2.2235450830831002e-11,3.87
2.2239754860738082e-11,3.88
2.225292272374435e-11,3.88
2.2291082238064693e-11,3.88
2.2361184575042894e-11,3.89
2.2453002207246802e-11,3.89
2.253811981572332e-11,3.89
2.2581842123750935e-11,3.9
2.2565281168720962e-11,3.9
2.250068403323863e-11,3.91
2.2426609674399214e-11,3.91
2.238606523467122e-11,3.91
2.2401263792640817e-11,3.92
2.2462250426171422e-11,3.92
2.2536621735814157e-11,3.93
2.2589073386056712e-11,3.93
2.2596344010207623e-11,3.93
2.255339609547867e-11,3.94
2.2473765453649794e-11,3.94
2.2386964260199082e-11,3.95
2.232859672190758e-11,3.95
2.2324347933351007e-11,3.95
2.2375787697818395e-11,3.96
2.2456923318727906e-11,3.96
2.252635368263276e-11,3.96
2.2546806612889407e-11,3.97
2.250271370547207e-11,3.97
2.2410969200177935e-11,3.98
2.2314681247004638e-11,3.98
2.2260855625840527e-11,3.98
2.2273869738737856e-11,3.99
2.2339665173944384e-11,3.99
2.241254335381155e-11,4.0
